Litter,TM,TM Amount,Animal,Segment,ID,Position X,Position Y,Position Z,Clone,Colour,D/V,G/W,Hemisphere,Damage,Neuron,MN,Commissural neuron,Midline cell,Glial cell,Uncertain,Chx10,ChAT,Lhx5,Notes
S111,E9.5,1,S111_a7,s2,30,100.889,-120.418,2363.829321,c1,r,v,g,l,no,yes,no,no,no,no,no,,,,no
S111,E9.5,1,S111_a7,s2,29,81.951,200.68,2380.956249,c1,g,d,g,l,no,no,no,no,no,og,no,,,,no
S111,E9.5,1,S111_a7,s2,27,58.196,-50.066,2389.509269,c1,r,d,g,l,no,yes,no,no,no,no,no,,,,no
S111,E9.5,1,S111_a7,s2,28,206.64,-191.539,2389.509269,c1,r,v,g,l,no,yes,no,no,no,no,no,,,,no
S111,E9.5,1,S111_a7,s2,31,108.5,104,2402.991503,c1,g,d,g,l,no,no,no,no,no,og,no,,,,no
S111,E9.5,1,S111_a7,s2,26,175.64,-28.037,2410.907486,c1,r,d,g,l,no,yes,no,no,no,no,no,,,,no
S111,E9.5,1,S111_a7,s2,25,107.281,194.09,2419.47095,c1,g,d,g,l,no,no,no,no,no,pa,no,,,,no
S111,E9.5,1,S111_a7,s2,24,151.59,-265.11,2428.02397,c1,r,v,g,l,no,yes,no,no,no,no,no,,,,no
S111,E9.5,1,S111_a7,s2,23,150.21,-119.134,2445.140455,c1,g,v,g,l,no,no,no,no,no,pa,no,,,,no
S111,E9.5,1,S111_a7,s2,22,286.42,-123.448,2449.422187,c1,g,v,g,l,no,yes,no,no,no,no,no,,,,no
S111,E9.5,1,S111_a7,s2,21,179.6,-125.737,2457.98565,c1,g,v,g,l,no,no,no,no,no,wf,no,,,,no
S111,E9.5,1,S111_a7,s2,19,170.23,-56.774,2462.267382,c1,g,v,g,l,no,no,no,no,no,og,no,,,,no
S111,E9.5,1,S111_a7,s2,20,89.618,1.543,2462.267382,c1,g,d,g,l,no,no,no,no,no,og,no,,,,no
S111,E9.5,1,S111_a7,s2,17,102.451,-20.189,2470.820403,c1,g,d,g,l,no,no,no,no,no,og,no,,,,no
S111,E9.5,1,S111_a7,s2,18,187.72,-12.184,2470.820403,c1,g,d,g,l,no,no,no,no,no,og,no,,,,no
S111,E9.5,1,S111_a7,s2,15,380.48,-226.168,2483.665599,c1,r,v,g,l,no,no,no,no,no,pa,no,,,,glia
S111,E9.5,1,S111_a7,s2,16,326.44,167.33,2483.665599,c1,g,d,g,l,no,no,no,no,no,pa,no,,,,no
S111,E9.5,1,S111_a7,s2,13,448.52,-212.399,2496.500351,c1,r,v,g,l,no,no,no,no,no,pa,no,,,,glia
S111,E9.5,1,S111_a7,s2,14,592.03,6.434,2496.500351,c1,r,d,g,l,no,yes,no,no,no,no,no,,,,no
S111,E9.5,1,S111_a7,s2,11,451.94,-247.066,2505.063815,c1,g,v,g,l,no,no,no,no,no,pa,no,,,,glia
S111,E9.5,1,S111_a7,s2,12,411.73,-273.639,2513.616836,c1,g,v,g,l,no,no,no,no,no,pa,no,,,,glia
S111,E9.5,1,S111_a7,s2,9,513.96,-247.475,2513.616836,c1,g,v,g,l,no,no,no,no,no,pa,no,,,,glia
S111,E9.5,1,S111_a7,s2,10,493.17,-265.645,2513.616836,c1,g,v,g,l,no,no,no,no,no,pa,no,,,,glia
S111,E9.5,1,S111_a7,s2,8,194.76,-74.348,2517.898568,c1,r,d,g,l,no,no,no,no,no,no,yes,,,,no
S111,E9.5,1,S111_a7,s2,7,424.56,-177.276,2522.1803,c1,r,v,g,l,no,no,no,no,no,pa,no,,,,glia
S111,E9.5,1,S111_a7,s2,6,229.24,-75.258,2526.462031,c1,g,d,g,l,no,no,no,no,no,no,yes,,,,glia
S111,E9.5,1,S111_a7,s2,4,509.07,-252.88,2530.73332,c1,g,v,g,l,no,no,no,no,no,pa,no,,,,glia
S111,E9.5,1,S111_a7,s2,3,516.95,-279.924,2535.015052,c1,r,v,g,l,no,no,no,no,no,pa,no,,,,glia
S111,E9.5,1,S111_a7,s2,5,234.04,-46.863,2535.015052,c1,r,d,g,l,no,no,no,no,no,no,yes,,,,no
S111,E9.5,1,S111_a7,s2,1,457.82,-281.026,2539.296784,c1,r,v,g,l,no,no,no,no,no,pa,no,,,,glia
S111,E9.5,1,S111_a7,s2,2,417.96,-282.282,2539.296784,c1,r,v,g,l,no,no,no,no,no,pa,no,,,,glia
S111,E9.5,1,S111_a7,s2,0,606.29,-332.21,2573.529753,c1,r,v,w,l,no,no,no,no,no,pa,no,,,,glia
S107,E10.5,1,S107_a2,s1,0,542.98,685.31,627.6994659,c1,g,d,g,r,no,no,no,no,no,no,yes,,no,,no
S107,E10.5,1,S107_a2,s1,1,611.85,659.99,627.6994659,c1,g,d,g,r,no,no,no,no,no,no,yes,,no,,no
S107,E10.5,1,S107_a2,s1,2,632.55,785.97,631.828259,c1,g,d,g,r,no,no,no,no,no,no,yes,,no,,no
S107,E10.5,1,S107_a2,s1,3,343.77,701.22,1007.5444,c2,g,d,g,r,no,no,no,no,no,no,yes,,no,,no
S107,E10.5,1,S107_a2,s1,12,534,479,1019.604345,c2,r,d,g,r,no,no,no,no,no,no,yes,,no,,no
S107,E10.5,1,S107_a2,s1,18,37,247,1143.528588,c2,g,d,g,r,no,no,no,no,no,no,yes,,no,,no
S107,E10.5,1,S107_a2,s1,17,176,531,1147.558645,c2,g,d,g,r,no,yes,no,no,no,no,no,,no,,no
S107,E10.5,1,S107_a2,s1,4,414.59,730.59,1156.182966,c2,g,d,g,r,no,yes,no,no,no,no,no,,no,,no
S107,E10.5,1,S107_a2,s1,19,-8,230,1163.678872,c2,g,d,g,r,no,no,no,no,no,no,yes,,no,,no
S107,E10.5,1,S107_a2,s1,16,304,497,1171.738985,c2,r,d,g,r,no,no,no,no,no,no,yes,,no,,no
S107,E10.5,1,S107_a2,s1,6,186.85,584.29,1172.696123,c2,g,d,g,r,no,no,no,no,no,no,yes,,no,,no
S107,E10.5,1,S107_a2,s1,5,243.8,758.34,1172.696123,c2,g,d,g,r,no,no,no,no,no,no,yes,,no,,no
S107,E10.5,1,S107_a2,s1,15,95,568,1192.896783,c2,g,d,g,r,no,no,no,no,no,no,yes,,no,,no
S107,E10.5,1,S107_a2,s1,14,171,658,1200.956896,c2,g,d,g,r,no,no,no,no,no,no,yes,,no,,no
S107,E10.5,1,S107_a2,s1,13,188,455,1209.017009,c2,r,d,g,r,no,no,no,no,no,no,yes,,no,,no
S107,E10.5,1,S107_a2,s1,7,283.36,625.34,1213.984054,c2,g,d,g,r,no,no,no,no,no,no,yes,,no,,no
S107,E10.5,1,S107_a2,s1,9,307.26,600.33,1218.114862,c2,g,d,g,r,no,no,no,no,no,no,yes,,no,,no
S107,E10.5,1,S107_a2,s1,8,253.71,610.33,1222.24567,c2,g,d,g,r,no,yes,no,no,no,no,no,,no,,no
S107,E10.5,1,S107_a2,s1,10,356.87,599.92,1222.24567,c2,g,d,g,r,no,yes,no,no,no,no,no,,no,,no
S107,E10.5,1,S107_a2,s1,11,644.28,440.85,1313.073073,c2,r,d,g,r,no,no,no,no,no,no,yes,,no,,no
S107,E10.5,1,S107_a2,s4,42,-331.43,-137.85,8036.859969,c3,g,v,w,r,no,no,no,no,no,og,no,,,,no
S107,E10.5,1,S107_a2,s4,41,-443.27,-135.8,8078.147899,c3,g,v,w,r,no,no,no,no,no,pa,no,,,,no
S107,E10.5,1,S107_a2,s4,40,-415.28,-139.81,8078.147899,c3,g,v,w,r,no,no,no,no,no,pa,no,,,,no
S107,E10.5,1,S107_a2,s4,54,-230.71,-300.93,8090.530249,c3,r,v,w,r,no,no,no,no,no,og,no,,,,no
S107,E10.5,1,S107_a2,s4,53,-313.65,-235.58,8102.912598,c3,r,v,w,r,no,no,no,no,no,og,no,,,,no
S107,E10.5,1,S107_a2,s4,58,-330.4,-196.2,8107.043406,c3,g,v,w,r,no,no,no,no,no,og,no,,,,no
S107,E10.5,1,S107_a2,s4,59,-339.62,-185.31,8111.174214,c3,g,v,w,r,no,no,no,no,no,og,no,,,,no
S107,E10.5,1,S107_a2,s4,39,-321.81,325.211,8123.566638,c3,g,d,g,r,no,yes,no,no,no,no,no,,,,no
S107,E10.5,1,S107_a2,s4,38,-401.76,-196.18,8140.079796,c3,r,v,w,r,no,no,no,no,no,og,no,,,,glial endfoot?
S107,E10.5,1,S107_a2,s4,37,-175.2,511.608,8148.331337,c3,g,d,g,r,no,yes,no,no,no,no,no,,,,no
S107,E10.5,1,S107_a2,s4,55,-359.73,-196.2,8148.331337,c3,r,v,w,r,no,no,no,no,no,og,no,,,,no
S107,E10.5,1,S107_a2,s4,56,-365.59,-183.64,8148.331337,c3,g,v,w,r,no,no,no,no,no,og,no,,,,no
S107,E10.5,1,S107_a2,s4,36,-393.18,-43.13,8148.331337,c3,g,v,g,r,no,no,no,no,no,no,yes,,,,no
S107,E10.5,1,S107_a2,s4,52,-162.85,-266.58,8156.592953,c3,r,v,w,r,no,no,no,no,no,gl,no,,,,glial endfoot?
S107,E10.5,1,S107_a2,s4,35,-129.11,487.418,8156.592953,c3,g,d,g,r,no,yes,no,no,no,no,no,,,,no
S107,E10.5,1,S107_a2,s4,34,-272.23,-133.12,8156.592953,c3,g,v,g,r,no,no,no,no,no,wf,no,,,,no
S107,E10.5,1,S107_a2,s4,33,-251.71,-120.67,8160.723761,c3,g,v,g,r,no,no,no,no,no,wf,no,,,,no
S107,E10.5,1,S107_a2,s4,31,-391.96,-202.09,8164.854569,c3,r,v,w,r,no,no,no,no,no,og,no,,,,no
S107,E10.5,1,S107_a2,s4,32,-369.52,-200.88,8164.854569,c3,g,v,w,r,no,no,no,no,no,og,no,,,,no
S107,E10.5,1,S107_a2,s4,29,-421.49,-172.87,8168.975302,c3,r,v,w,r,no,no,no,no,no,gl,no,,,,glial endfoot?
S107,E10.5,1,S107_a2,s4,30,-408.38,-188.79,8168.975302,c3,r,v,w,r,no,no,no,no,no,gl,no,,,,glial endfoot?
S107,E10.5,1,S107_a2,s4,57,-182.12,-114.94,8168.975302,c3,g,v,g,r,no,no,no,no,no,no,yes,,,,no
S107,E10.5,1,S107_a2,s4,28,-131.99,510.894,8177.236919,c3,g,d,g,r,no,yes,no,no,no,no,no,,,,no
S107,E10.5,1,S107_a2,s4,27,-81.43,-62.02,8177.236919,c3,g,v,g,r,no,no,no,no,no,no,yes,,,,no
S107,E10.5,1,S107_a2,s4,50,-115.1,-63,8185.48846,c3,r,v,g,r,no,no,no,no,no,no,yes,,,,no
S107,E10.5,1,S107_a2,s4,20,-301.22,-256.63,8189.619268,c3,r,v,w,r,no,no,no,no,no,gl,no,,,,glial endfoot?
S107,E10.5,1,S107_a2,s4,21,-200.32,-138.83,8189.619268,c3,g,v,g,r,no,no,no,no,no,wf,no,,,,glia
S107,E10.5,1,S107_a2,s4,48,-223.17,-133.37,8189.619268,c3,r,v,g,r,no,no,no,no,no,no,yes,,,,no
S107,E10.5,1,S107_a2,s4,19,-321.62,-247.93,8189.619268,c3,r,v,w,r,no,no,no,no,no,gl,no,,,,glial endfoot?
S107,E10.5,1,S107_a2,s4,24,-351.74,-204.83,8189.619268,c3,g,v,w,r,no,no,no,no,no,og,no,,,,no
S107,E10.5,1,S107_a2,s4,49,-169.55,-132.53,8193.750076,c3,r,v,g,r,no,no,no,no,no,no,yes,,,,no
S107,E10.5,1,S107_a2,s4,22,-161.91,-114.32,8193.750076,c3,g,v,g,r,no,no,no,no,no,fa,no,,,,no
S107,E10.5,1,S107_a2,s4,23,-295.16,-234.19,8193.750076,c3,g,v,w,r,no,no,no,no,no,og,no,,,,no
S107,E10.5,1,S107_a2,s4,51,-276.79,-236.42,8193.750076,c3,r,v,w,r,no,no,no,no,no,og,no,,,,no
S107,E10.5,1,S107_a2,s4,26,33.816,467.072,8193.750076,c3,g,d,g,l,no,yes,no,no,no,no,no,,,,no
S107,E10.5,1,S107_a2,s4,17,-408.99,-181.16,8193.750076,c3,r,v,w,r,no,no,no,no,no,gl,no,,,,glial endfoot?
S107,E10.5,1,S107_a2,s4,18,-345.92,-231.04,8197.880884,c3,r,v,w,r,no,no,no,no,no,og,no,,,,glial endfoot?
S107,E10.5,1,S107_a2,s4,46,-240.76,-42.05,8202.011692,c3,r,v,g,r,no,no,no,no,no,no,yes,,,,no
S107,E10.5,1,S107_a2,s4,45,-103.37,-80.59,8206.132425,c3,r,v,g,r,no,no,no,no,no,no,yes,,,,no
S107,E10.5,1,S107_a2,s4,47,-286,-87.29,8206.132425,c3,r,v,g,r,no,no,no,no,no,no,yes,,,,no
S107,E10.5,1,S107_a2,s4,44,-129.34,-87.29,8210.263233,c3,r,v,g,r,no,no,no,no,no,no,yes,,,,no
S107,E10.5,1,S107_a2,s4,25,-63.9,397.783,8218.524849,c3,g,d,w,na,no,yes,no,d,no,no,no,,,,no
S107,E10.5,1,S107_a2,s4,43,-124.09,-138.15,8218.524849,c3,r,v,g,r,no,no,no,no,no,no,yes,,,,no
S107,E10.5,1,S107_a2,s4,16,-226.03,-280.67,8226.786466,c3,r,v,w,r,no,no,no,no,no,gl,no,,,,no
S107,E10.5,1,S107_a2,s4,15,-199.78,-268.33,8230.907199,c3,r,v,w,r,no,no,no,no,no,gl,no,,,,no
S107,E10.5,1,S107_a2,s4,13,-240.55,102.02,8259.81278,c3,g,d,g,r,no,no,no,no,no,no,yes,,,,no
S107,E10.5,1,S107_a2,s4,12,-197.57,166.009,8280.456746,c3,g,d,g,r,no,yes,no,no,no,no,no,,,,no
S107,E10.5,1,S107_a2,s4,11,-119,351.194,8284.587554,c3,g,d,g,r,no,yes,no,no,no,no,no,,,,no
S107,E10.5,1,S107_a2,s4,14,-285.79,-209.44,8292.839095,c3,g,v,w,r,no,no,no,no,no,og,no,,,,no
S107,E10.5,1,S107_a2,s4,9,-79.56,318.47,8301.100711,c3,g,d,g,r,no,yes,no,no,no,no,no,,,,no
S107,E10.5,1,S107_a2,s4,8,-87.75,356.348,8301.100711,c3,g,d,g,r,no,yes,no,no,no,no,no,,,,no
S107,E10.5,1,S107_a2,s4,10,-70.35,191.228,8305.231519,c3,g,d,g,r,no,yes,no,no,no,no,no,,,,no
S107,E10.5,1,S107_a2,s4,7,-87.53,382.466,8317.613868,c3,g,d,g,r,no,no,no,no,no,no,yes,,,,no
S107,E10.5,1,S107_a2,s4,6,-83.52,125.499,8321.744677,c3,g,d,g,r,no,no,no,no,no,no,yes,,,,no
S107,E10.5,1,S107_a2,s4,5,-111.3,174.853,8346.51945,c3,g,d,g,r,no,yes,no,no,no,no,no,,,,no
S107,E10.5,1,S107_a2,s4,4,-99.33,102.066,8396.058922,c3,g,d,g,r,no,yes,no,no,no,no,no,,,,no
S107,E10.5,1,S107_a2,s4,3,422.521,212.761,8883.252476,exclude - in vicinity of tissue damage,r,d,w,l,yes,no,no,no,no,gl,no,,,,glia
S107,E10.5,1,S107_a2,s4,2,-95.12,308.173,8920.409599,exclude - in vicinity of tissue damage,r,d,g,r,no,no,no,no,no,pr,no,,,,no
S107,E10.5,1,S107_a2,s4,1,-91.76,301.73,8936.932831,exclude - in vicinity of tissue damage,r,d,g,r,no,no,no,no,no,pr,no,,,,no
S107,E10.5,1,S107_a2,s4,0,126.047,264.019,8936.932831,exclude - in vicinity of tissue damage,g,d,g,l,no,yes,no,no,no,no,no,,,,no
S140,E10.5,0.75,S140_a16,s4,37,370.361,212.016,6443.956885,c1,r,d,g,r,no,yes,no,no,no,no,no,,,no,no
S140,E10.5,0.75,S140_a16,s4,35,271.509,194.985,6506.431789,c1,r,d,g,r,no,yes,no,no,no,no,no,,,no,no
S140,E10.5,0.75,S140_a16,s4,36,344.926,208.442,6506.431789,c1,r,d,g,r,no,yes,no,no,no,no,no,,,no,no
S140,E10.5,0.75,S140_a16,s4,34,352.911,275.337,6524.281335,c1,r,d,g,r,no,yes,no,no,no,no,no,,,no,no
S140,E10.5,0.75,S140_a16,s4,33,326.643,219.142,6559.981422,c1,r,d,g,r,no,yes,no,no,no,no,no,,,no,no
S140,E10.5,0.75,S140_a16,s4,32,286.431,202.444,6571.880787,c1,r,d,g,r,no,yes,no,no,no,no,no,,,no,no
S140,E10.5,0.75,S140_a16,s4,30,301.038,195.873,6586.756239,c1,r,d,g,r,no,yes,no,no,no,no,no,,,no,no
S140,E10.5,0.75,S140_a16,s4,29,301.036,127.205,6589.730333,c1,r,d,g,r,no,yes,no,no,no,no,no,,,no,no
S140,E10.5,0.75,S140_a16,s4,28,200.812,123.168,6595.680514,c1,r,d,g,r,no,yes,no,no,no,no,no,,,no,no
S140,E10.5,0.75,S140_a16,s4,31,396.829,307.227,6601.630694,c1,r,d,g,r,no,yes,no,no,no,no,no,,,no,no
S140,E10.5,0.75,S140_a16,s4,20,199.692,39.265,6613.531055,c1,r,d,g,r,no,yes,no,no,no,no,no,,,no,no
S140,E10.5,0.75,S140_a16,s4,19,62.673,217.992,6613.531055,c1,g,d,g,r,no,yes,no,d,no,no,no,,,no,no
S140,E10.5,0.75,S140_a16,s4,21,231.276,146.13,6613.531055,c1,r,d,g,r,no,yes,no,no,no,no,no,,,no,no
S140,E10.5,0.75,S140_a16,s4,22,242.293,232.885,6616.50515,c1,r,d,g,r,no,yes,no,no,no,no,no,,,no,no
S140,E10.5,0.75,S140_a16,s4,26,133.715,31.498,6619.48024,c1,r,d,g,r,no,no,no,no,no,no,yes,,,no,no
S140,E10.5,0.75,S140_a16,s4,23,306.586,229.312,6622.45533,c1,r,d,g,r,no,no,no,no,no,wf,no,,,no,no
S140,E10.5,0.75,S140_a16,s4,27,71.79,111.709,6622.45533,c1,r,d,g,r,no,on,no,no,no,no,yes,,,no,no
S140,E10.5,0.75,S140_a16,s4,25,205.515,155.818,6628.405511,c1,r,d,g,r,no,yes,no,no,no,no,no,,,no,no
S140,E10.5,0.75,S140_a16,s4,24,328.952,268.301,6628.405511,c1,r,d,g,r,no,yes,no,no,no,no,no,,,no,no
S140,E10.5,0.75,S140_a16,s4,17,47.775,48.933,6634.355691,c1,r,d,g,r,no,yes,no,no,no,no,no,,,no,no
S140,E10.5,0.75,S140_a16,s4,15,183.479,72.014,6637.330782,c1,r,d,g,r,no,no,no,no,no,no,yes,,,no,no
S140,E10.5,0.75,S140_a16,s4,18,62.861,107.425,6637.330782,c1,r,d,g,r,no,no,no,no,no,no,yes,,,no,no
S140,E10.5,0.75,S140_a16,s4,13,384.104,298.775,6643.279966,c1,r,d,g,r,no,yes,no,no,no,no,no,,,no,no
S140,E10.5,0.75,S140_a16,s4,14,253.782,52.636,6643.279966,c1,r,d,g,r,no,yes,no,no,no,no,no,,,no,no
S140,E10.5,0.75,S140_a16,s4,16,196.174,46.794,6646.255057,c1,r,d,g,r,no,yes,no,no,no,no,no,,,no,no
S140,E10.5,0.75,S140_a16,s4,12,215.117,270.222,6649.230147,c1,r,d,g,r,no,yes,no,no,no,no,no,,,yes,no
S140,E10.5,0.75,S140_a16,s4,11,267.799,182.973,6649.230147,c1,r,d,g,r,no,yes,no,no,no,no,no,,,no,no
S140,E10.5,0.75,S140_a16,s4,10,361.81,303.558,6655.180327,c1,r,d,g,r,no,yes,no,no,no,no,no,,,no,no
S140,E10.5,0.75,S140_a16,s4,9,225.394,77.779,6661.130508,c1,r,d,g,r,no,yes,no,no,no,no,no,,,yes,no
S140,E10.5,0.75,S140_a16,s4,8,152.331,177.942,6667.079693,c1,r,d,g,r,no,yes,no,no,no,no,no,,,no,no
S140,E10.5,0.75,S140_a16,s4,7,362.315,246.885,6676.004964,c1,r,d,g,r,no,yes,no,no,no,no,no,,,no,no
S140,E10.5,0.75,S140_a16,s4,6,282.47,236.947,6676.004964,c1,r,d,g,r,no,yes,no,no,no,no,no,,,no,no
S140,E10.5,0.75,S140_a16,s4,5,315.316,363.9,6678.980054,c1,g,d,g,r,no,no,no,no,no,fa,no,,,no,no
S140,E10.5,0.75,S140_a16,s4,4,307.183,266.314,6699.80469,c1,r,d,g,r,no,yes,no,no,no,no,no,,,no,no
S140,E10.5,0.75,S140_a16,s4,3,-391.98,129.095,6711.705051,c1,r,d,g,l,no,yes,no,no,no,no,no,,,no,no
S140,E10.5,0.75,S140_a16,s4,1,-190.437,360.028,6768.229775,c1,r,d,g,l,no,yes,no,no,no,no,no,,,no,no
S140,E10.5,0.75,S140_a16,s4,0,189.575,264.282,6789.054411,c1,r,d,g,r,no,yes,no,no,no,no,no,,,no,no
S140,E10.5,0.75,S140_a16,s4,2,-444.09,231.707,6890.203497,c1,r,d,g,l,no,yes,no,no,no,no,no,,,no,no
S140,E10.5,0.75,S140_a16,s4,38,-161,-88,7000.622359,c1,r,v,g,l,no,yes,maybe,no,no,no,no,,,no,no
S141,E9.5,0.75,S141_a7,s1,0,-532.333,221.35,21.96528848,exclude - too close to boundary,r,d,g,r,no,yes,no,no,no,no,no,,,no,no
S141,E9.5,0.75,S141_a7,s1,1,-129.693,520.66,61.72809276,exclude - too close to boundary,r,d,g,r,no,yes,no,no,no,no,no,,,no,no
S141,E9.5,0.75,S141_a7,s1,2,-120.651,106.71,110.3179733,exclude - too close to boundary,r,d,g,r,no,no,no,no,no,no,yes,,,no,no
S141,E9.5,0.75,S141_a7,s1,3,-637.826,71.662,132.4061446,exclude - too close to boundary,g,d,g,r,no,yes,no,no,no,no,no,,,no,no
S141,E9.5,0.75,S141_a7,s1,18,-42.387,491.13,132.4061446,exclude - too close to boundary,r,d,g,r,no,yes,no,no,no,no,no,,,no,no
S141,E9.5,0.75,S141_a7,s1,4,-3.527,128.66,150.0807776,exclude - too close to boundary,g,d,g,r,no,no,no,no,no,pa,no,,,no,no
S141,E9.5,0.75,S141_a7,s1,5,-42.569,138.45,154.504556,exclude - too close to boundary,r,d,g,r,no,yes,no,no,no,no,no,,,no,no
S141,E9.5,0.75,S141_a7,s1,6,-56.463,475.36,158.9180941,exclude - too close to boundary,r,d,g,r,no,yes,no,no,no,no,no,,,no,no
S141,E9.5,0.75,S141_a7,s1,8,-79.883,114.74,172.1689488,exclude - too close to boundary,r,d,g,r,no,no,no,no,no,no,yes,,,no,no
S141,E9.5,0.75,S141_a7,s1,9,-105.426,107.46,172.1689488,exclude - too close to boundary,r,d,g,r,no,no,no,no,no,no,yes,,,no,no
S141,E9.5,0.75,S141_a7,s1,7,58.7,210.38,172.1689488,exclude - too close to boundary,r,d,g,l,no,yes,no,d,no,no,no,,,no,no
S141,E9.5,0.75,S141_a7,s1,10,-161.31,100.898,176.5927272,exclude - too close to boundary,r,d,g,r,no,no,no,no,no,no,yes,,,no,no
S141,E9.5,0.75,S141_a7,s1,12,-196.975,66.269,176.5927272,exclude - too close to boundary,r,d,g,r,no,no,no,no,no,og,no,,,no,no
S141,E9.5,0.75,S141_a7,s1,13,-127.861,121.61,189.8435819,exclude - too close to boundary,g,d,g,r,no,yes,no,no,no,no,no,,,no,no
S141,E9.5,0.75,S141_a7,s1,15,-528.007,203.19,198.6808984,exclude - too close to boundary,r,d,g,r,no,yes,no,no,no,no,no,,,no,no
S141,E9.5,0.75,S141_a7,s1,14,-411.253,172.46,198.6808984,exclude - too close to boundary,r,d,g,r,no,yes,no,no,no,no,no,,,no,no
S141,E9.5,0.75,S141_a7,s1,16,-57.053,155.24,203.0944366,exclude - too close to boundary,r,d,g,r,no,yes,no,no,no,no,no,,,no,no
S141,E9.5,0.75,S141_a7,s1,17,-205.444,138.65,203.0944366,exclude - too close to boundary,r,d,g,r,no,no,no,no,no,no,yes,,,yes,no
S141,E9.5,0.75,S141_a7,s1,19,-289.597,76.246,229.6063862,exclude - too close to boundary,r,d,g,r,no,no,no,no,no,no,yes,,,yes,no
S141,E9.5,0.75,S141_a7,s1,20,-329.117,127.43,229.6063862,exclude - too close to boundary,r,d,g,r,no,no,no,no,no,no,yes,,,yes,no
S141,E9.5,0.75,S141_a7,s1,22,-626.193,202.03,234.0199243,exclude - too close to boundary,r,d,g,r,no,no,no,no,no,no,yes,,,no,no
S141,E9.5,0.75,S141_a7,s1,23,-613.982,240.17,238.4437027,exclude - too close to boundary,g,d,g,r,no,no,no,no,no,pa,no,,,no,no
S141,E9.5,0.75,S141_a7,s1,24,-628.042,291.74,238.4437027,exclude - too close to boundary,r,d,g,r,no,no,no,no,no,no,yes,,,no,no
S141,E9.5,0.75,S141_a7,s1,21,-246.743,146,242.8572409,exclude - too close to boundary,g,d,g,r,no,yes,no,no,no,no,no,,,no,no
S141,E9.5,0.75,S141_a7,s1,26,-555.38,324.16,260.5318739,exclude - too close to boundary,g,d,g,r,no,yes,no,no,no,no,no,,,no,no
S141,E9.5,0.75,S141_a7,s1,25,-454.883,163.76,264.9454121,exclude - too close to boundary,r,d,g,r,no,no,no,no,no,pa,no,,,no,no
S141,E9.5,0.75,S141_a7,s1,28,-650.314,62.563,269.3691904,exclude - too close to boundary,r,d,w,r,no,no,no,no,no,og,no,,,no,no
S141,E9.5,0.75,S141_a7,s1,27,-669.901,62.04,273.7827286,exclude - too close to boundary,r,d,w,r,no,no,no,no,no,og,no,,,no,no
S141,E9.5,0.75,S141_a7,s1,29,-472.957,31.218,287.0335833,exclude - too close to boundary,g,d,g,r,no,yes,no,no,no,no,no,,,no,no
S141,E9.5,0.75,S141_a7,s1,32,-533.182,121.7,287.0335833,exclude - too close to boundary,r,d,g,r,no,no,no,no,no,no,yes,,,no,no
S141,E9.5,0.75,S141_a7,s1,30,-626.896,283.74,295.8708998,exclude - too close to boundary,g,d,g,r,no,no,no,no,no,no,yes,,,no,no
S141,E9.5,0.75,S141_a7,s1,31,-633.588,304.41,309.1319947,exclude - too close to boundary,g,d,g,r,no,no,no,no,no,no,yes,,,no,no
S141,E9.5,0.75,S141_a7,s1,34,-682.99,90.158,317.959071,exclude - too close to boundary,r,d,g,r,no,no,no,no,no,pa,no,,,no,no
S141,E9.5,0.75,S141_a7,s1,37,-559.332,172.43,317.959071,exclude - too close to boundary,r,d,g,r,no,no,no,no,no,no,yes,,,no,no
S141,E9.5,0.75,S141_a7,s1,36,-621.882,245.25,322.3828494,exclude - too close to boundary,r,d,g,r,no,no,no,no,no,no,yes,,,yes,no
S141,E9.5,0.75,S141_a7,s1,38,-634.023,221.22,326.7963876,exclude - too close to boundary,g,d,g,r,no,yes,no,no,no,no,no,,,no,no
S141,E9.5,0.75,S141_a7,s1,48,706.5,185.5,331.7833785,exclude - too close to boundary,r,d,g,l,no,yes,no,no,no,no,no,,,no,no
S141,E9.5,0.75,S141_a7,s1,39,-605.994,190.9,340.0472422,exclude - too close to boundary,r,d,g,r,no,no,no,no,no,no,yes,,,no,no
S141,E9.5,0.75,S141_a7,s1,47,722.5,162.5,371.7202666,exclude - too close to boundary,r,d,g,l,no,yes,no,no,no,no,no,,,no,no
S141,E9.5,0.75,S141_a7,s1,40,-352.535,171.69,379.8100465,exclude - too close to boundary,g,d,g,r,no,yes,no,no,no,no,no,,,yes,no
S141,E9.5,0.75,S141_a7,s1,41,-687.977,325.17,410.7355343,exclude - too close to boundary,r,d,g,r,no,no,no,no,no,no,yes,,,no,no
S141,E9.5,0.75,S141_a7,s1,44,681.38,266.9,428.4101673,exclude - too close to boundary,r,d,g,l,no,yes,no,no,no,no,no,,,no,no
S141,E9.5,0.75,S141_a7,s1,45,767.7,317.64,441.661022,exclude - too close to boundary,g,d,g,l,no,yes,no,no,no,no,no,,,no,no
S141,E9.5,0.75,S141_a7,s1,46,625.5,219.5,525.3236826,exclude - too close to boundary,r,d,g,l,no,yes,no,no,no,no,no,,,no,no
S141,E9.5,0.75,S141_a7,s1,43,401.74,-173.196,613.9630938,exclude - too close to boundary,r,v,g,l,no,yes,no,no,no,no,no,,,no,no
S141,E9.5,0.75,S141_a7,s1,42,310.66,-220.46,949.7237767,exclude - single-cell clone,g,v,g,l,no,yes,no,no,no,no,no,,,no,no
S141,E9.5,0.75,S141_a7,s2,0,275.421,-43.003,1691.757303,c3,g,d,g,r,no,yes,no,no,no,no,no,,,no,no
S141,E9.5,0.75,S141_a7,s2,1,368.133,-64.328,1755.779206,c3,g,d,g,r,no,yes,no,no,no,no,no,,,no,no
S141,E9.5,0.75,S141_a7,s2,2,474.769,59.912,1767.790994,c3,g,v,g,r,no,no,no,no,no,pa,no,,,no,no
S141,E9.5,0.75,S141_a7,s2,3,481.022,174.74,1767.790994,c3,r,v,g,r,no,yes,no,no,no,no,no,,,no,no
S141,E9.5,0.75,S141_a7,s2,4,631.395,-18.417,1783.796469,c3,g,v,g,r,no,no,no,no,no,fa,no,,,no,no
S141,E9.5,0.75,S141_a7,s2,7,740.6676,-20.295,1787.800399,c3,g,v,w,r,no,no,no,no,no,og,no,,,no,no
S141,E9.5,0.75,S141_a7,s2,5,503.517,49.498,1791.804328,c3,g,v,g,r,no,no,no,no,no,pa,no,,,no,no
S141,E9.5,0.75,S141_a7,s2,6,514.053,70.441,1807.809804,c3,g,v,g,r,no,no,no,no,no,pa,no,,,no,no
S141,E9.5,0.75,S141_a7,s2,8,716.217,-34.094,1819.81135,c3,g,v,w,r,no,no,no,no,no,og,no,,,no,no
S141,E9.5,0.75,S141_a7,s2,9,459.591,-501.08,2416.088547,c4,r,d,g,r,no,no,no,no,no,no,yes,,,no,tiny cell
S141,E9.5,0.75,S141_a7,s2,10,454.246,-538.87,2416.088547,c4,r,d,g,r,no,no,no,no,no,no,yes,,,no,tiny cell
S141,E9.5,0.75,S141_a7,s2,11,255.409,-611.41,2460.109238,c4,r,d,g,r,no,no,no,no,no,no,yes,,,no,tiny cell
S141,E9.5,0.75,S141_a7,s2,12,553.95,-519.83,2464.111119,c4,r,d,g,r,no,no,no,no,no,no,yes,,,no,tiny cell
S141,E9.5,0.75,S141_a7,s2,13,231.467,-593.82,2480.117619,c4,r,d,g,r,no,no,no,no,no,no,yes,,,no,tiny cell
S141,E9.5,0.75,S141_a7,s2,14,108.679,-634.69,2512.132667,c4,r,d,g,r,no,no,no,no,no,no,yes,,,no,tiny cell
S141,E9.5,0.75,S141_a7,s2,15,58.757,-501.81,2520.136429,c4,r,d,g,r,no,no,no,no,no,no,yes,,,no,tiny cell
S141,E9.5,0.75,S141_a7,s2,16,114.003,-510.43,2536.143953,c4,r,d,g,r,no,no,no,no,no,no,yes,,,no,tiny cell
S141,E9.5,0.75,S141_a7,s2,18,36.063,-529.13,2536.143953,c4,r,d,g,r,no,no,no,no,no,no,yes,,,no,tiny cell
S141,E9.5,0.75,S141_a7,s2,17,65.434,-517.1,2540.145834,c4,r,d,g,r,no,no,no,no,no,no,yes,,,no,tiny cell
S141,E9.5,0.75,S141_a7,s2,19,-25.08,-550.21,2540.145834,c4,r,d,w,r,no,no,no,no,no,og,no,,,no,tiny cell
S141,E9.5,0.75,S141_a7,s2,20,130.44,-683.77,2540.145834,c4,r,d,g,r,no,no,no,no,no,no,yes,,,no,tiny cell
S141,E9.5,0.75,S141_a7,s2,21,34.814,-623.66,2560.155239,c4,r,d,w,r,no,no,no,no,no,og,no,,,no,tiny cell
S141,E9.5,0.75,S141_a7,s2,36,208.054,-445.86,2560.155239,c4,r,d,g,r,no,no,no,no,no,no,yes,,,no,tiny cell
S141,E9.5,0.75,S141_a7,s2,35,94.551,-412.439,2560.155239,c4,r,d,g,r,no,no,no,no,no,no,yes,,,no,tiny cell
S141,E9.5,0.75,S141_a7,s2,22,177.271,-594.44,2564.15712,c4,r,d,g,r,no,no,no,no,no,no,yes,,,no,tiny cell
S141,E9.5,0.75,S141_a7,s2,33,63.586,-442.17,2564.15712,c4,r,d,g,r,no,no,no,no,no,no,yes,,,no,tiny cell
S141,E9.5,0.75,S141_a7,s2,34,120.436,-523.26,2564.15712,c4,r,d,g,r,no,no,no,no,no,no,yes,,,no,tiny cell
S141,E9.5,0.75,S141_a7,s2,26,76.785,-425.148,2568.159001,c4,r,d,g,r,no,no,no,no,no,no,yes,,,no,tiny cell
S141,E9.5,0.75,S141_a7,s2,25,33.183,-381.657,2568.159001,c4,r,d,g,r,no,no,no,no,no,no,yes,,,no,tiny cell
S141,E9.5,0.75,S141_a7,s2,23,154.234,-621.6,2568.159001,c4,r,d,g,r,no,no,no,no,no,no,yes,,,no,tiny cell
S141,E9.5,0.75,S141_a7,s2,27,157.936,-429.658,2572.160882,c4,r,d,g,r,no,no,no,no,no,no,yes,,,no,tiny cell
S141,E9.5,0.75,S141_a7,s2,24,62.446,-549.21,2572.160882,c4,r,d,g,r,no,no,no,no,no,no,yes,,,no,tiny cell
S141,E9.5,0.75,S141_a7,s2,29,-22.754,-470.22,2576.162763,c4,r,d,w,r,no,no,no,no,no,og,no,,,no,tiny cell
S141,E9.5,0.75,S141_a7,s2,28,29.412,-504.46,2576.162763,c4,r,d,g,r,no,no,no,no,no,no,yes,,,no,tiny cell
S141,E9.5,0.75,S141_a7,s2,30,27.6,-612.75,2576.162763,c4,r,d,w,r,no,no,no,no,no,og,no,,,no,tiny cell
S141,E9.5,0.75,S141_a7,s2,41,499.016,-424.656,2576.162763,c4,r,d,g,r,no,no,no,no,no,no,yes,,,no,tiny cell
S141,E9.5,0.75,S141_a7,s2,32,187.128,-514.96,2584.166525,c4,r,d,g,r,no,no,no,no,no,no,yes,,,no,tiny cell
S141,E9.5,0.75,S141_a7,s2,31,212.096,-443.66,2584.166525,c4,r,d,g,r,no,no,no,no,no,no,yes,,,no,tiny cell
S141,E9.5,0.75,S141_a7,s2,37,221.411,-489.25,2588.168406,c4,r,d,g,r,no,no,no,no,no,no,yes,,,no,tiny cell
S141,E9.5,0.75,S141_a7,s2,38,-17.541,-382.755,2588.168406,c4,r,d,g,r,no,no,no,no,no,no,yes,,,no,tiny cell
S141,E9.5,0.75,S141_a7,s2,39,-8.804,-455.62,2604.17593,c4,r,d,g,r,no,no,no,no,no,no,yes,,,no,tiny cell
S141,E9.5,0.75,S141_a7,s2,40,-7.95,-593.52,2608.177811,c4,r,d,w,r,no,no,no,no,no,og,no,,,no,tiny cell
S141,E9.5,0.75,S141_a7,s2,43,625.995,-86.661,2608.177811,c4,r,d,w,r,no,no,no,no,no,og,no,,,no,tiny cell
S141,E9.5,0.75,S141_a7,s2,42,647.761,-83.333,2612.178668,c4,r,d,w,r,no,no,no,no,no,og,no,,,no,tiny cell
S141,E9.5,0.75,S141_a7,s2,44,713.845,-121.81,2628.186192,c4,r,d,w,r,no,no,no,no,no,og,no,,,no,tiny cell
S141,E9.5,0.75,S141_a7,s2,45,616.122,-519.23,2632.188073,c4,r,d,w,r,no,no,no,no,no,og,no,,,no,tiny cell
S141,E9.5,0.75,S141_a7,s2,46,531.376,-243.321,2652.197478,c4,r,d,g,r,no,no,no,no,no,no,yes,,,no,tiny cell
S141,E9.5,0.75,S141_a7,s2,47,542.619,-262.441,2652.197478,c4,r,d,g,r,no,no,no,no,no,no,yes,,,no,tiny cell
S141,E9.5,0.75,S141_a7,s2,48,502.196,-602.97,2656.199359,c4,r,d,g,r,no,no,no,no,no,no,yes,,,no,tiny cell
S141,E9.5,0.75,S141_a7,s2,49,496.961,-622.84,2660.20124,c4,r,d,g,r,no,no,no,no,no,no,yes,,,no,tiny cell
S141,E9.5,0.75,S141_a7,s2,51,-16.999,-561.73,2668.205002,c4,r,d,w,r,no,no,no,no,no,og,no,,,no,tiny cell
S141,E9.5,0.75,S141_a7,s2,50,-11.678,-592.73,2672.206883,c4,r,d,w,r,no,no,no,no,no,og,no,,,no,tiny cell
S141,E9.5,0.75,S141_a7,s2,52,564.807,-466.31,2688.214407,c4,r,d,g,r,no,no,no,no,no,no,yes,,,no,tiny cell
S141,E9.5,0.75,S141_a7,s2,53,708.839,-150.055,2692.216288,c4,r,d,w,r,no,no,no,no,no,og,no,,,no,tiny cell
S141,E9.5,0.75,S141_a7,s2,55,694.432,-153.891,2720.229455,c4,r,d,w,r,no,no,no,no,no,og,no,,,no,tiny cell
S141,E9.5,0.75,S141_a7,s2,57,407.583,-671.22,2732.235098,c4,r,d,w,r,no,no,no,no,no,og,no,,,no,tiny cell
S141,E9.5,0.75,S141_a7,s2,56,383.833,-670.59,2736.236979,c4,r,d,w,r,no,no,no,no,no,og,no,,,no,tiny cell
S141,E9.5,0.75,S141_a7,s2,58,627.05,24.017,2760.247241,c4,r,v,g,r,no,no,no,no,no,no,yes,,,no,tiny cell
S141,E9.5,0.75,S141_a7,s2,60,518.373,-100.836,2760.247241,c4,r,v,g,r,no,no,no,no,no,no,yes,,,no,tiny cell
S141,E9.5,0.75,S141_a7,s2,59,629.73,-5.671,2764.249122,c4,r,v,w,r,no,no,no,no,no,og,no,,,no,tiny cell
S141,E9.5,0.75,S141_a7,s2,61,222.991,-201.013,2772.252884,c4,r,d,g,r,no,no,no,no,no,no,yes,,,no,tiny cell
S141,E9.5,0.75,S141_a7,s2,62,-19.211,-607.79,2772.252884,c4,r,d,w,r,no,no,no,no,no,og,no,,,no,tiny cell
S141,E9.5,0.75,S141_a7,s2,63,-2.04,-579.69,2784.258527,c4,r,d,g,r,no,no,no,no,no,no,yes,,,no,tiny cell
S141,E9.5,0.75,S141_a7,s2,65,237.21,80.234,2796.26417,c4,r,v,g,r,no,no,no,no,no,no,yes,,,no,tiny cell
S141,E9.5,0.75,S141_a7,s2,66,629.127,47.108,2796.26417,c4,r,v,g,r,no,no,no,no,no,no,yes,,,no,tiny cell
S141,E9.5,0.75,S141_a7,s2,68,693.863,-12.85,2796.26417,c4,r,v,w,r,no,no,no,no,no,og,no,,,no,tiny cell
S141,E9.5,0.75,S141_a7,s2,70,584.348,-478.84,2796.26417,c4,r,d,w,r,no,no,no,no,no,og,no,,,no,tiny cell
S141,E9.5,0.75,S141_a7,s2,64,202.88,97.344,2800.266051,c4,r,v,g,r,no,no,no,no,no,no,yes,,,no,tiny cell
S141,E9.5,0.75,S141_a7,s2,67,599.446,42.449,2800.266051,c4,r,v,g,r,no,no,no,no,no,no,yes,,,no,tiny cell
S141,E9.5,0.75,S141_a7,s2,69,379.367,-145.896,2800.266051,c4,r,d,g,r,no,no,no,no,no,no,yes,,,no,tiny cell
S141,E9.5,0.75,S141_a7,s2,71,-16.901,197.121,2808.269813,c4,r,v,w,r,no,no,no,no,no,og,no,,,no,tiny cell
S141,E9.5,0.75,S141_a7,s2,75,390.235,151.99,2812.271694,c4,r,v,g,r,no,no,no,no,no,pa,no,,,no,no
S141,E9.5,0.75,S141_a7,s2,73,74.365,47.388,2816.273575,c4,r,v,g,r,no,no,no,no,no,no,yes,,,no,tiny cell
S141,E9.5,0.75,S141_a7,s2,72,117.909,44.807,2816.273575,c4,r,v,g,r,no,no,no,no,no,no,yes,,,no,tiny cell
S141,E9.5,0.75,S141_a7,s2,74,376.334,195.446,2824.277337,c4,r,v,w,r,no,no,no,no,no,pa,no,,,no,no
S141,E9.5,0.75,S141_a7,s2,78,647.221,42.426,2872.299908,c4,r,v,w,r,no,no,no,no,no,og,no,,,no,no
S141,E9.5,0.75,S141_a7,s2,79,669.719,-5.711,2872.299908,c4,r,v,w,r,no,no,no,no,no,og,no,,,no,no
S141,E9.5,0.75,S141_a7,s2,77,338.866,232.703,2876.301789,c4,r,v,w,r,no,no,no,no,no,og,no,,,no,no
S141,E9.5,0.75,S141_a7,s2,76,317.122,244.989,2880.30367,c4,r,v,w,r,no,no,no,no,no,og,no,,,no,no
S141,E9.5,0.75,S141_a7,s2,80,672.387,-26.162,2880.30367,c4,r,v,w,r,no,no,no,no,no,og,no,,,no,no
S141,E9.5,0.75,S141_a7,s2,81,-43.54,153.08,2908.315813,c4,r,v,w,r,no,no,no,no,no,og,no,,,no,no
S141,E9.5,0.75,S141_a7,s2,82,363.682,160.58,2960.340266,c4,r,v,w,r,no,no,no,no,no,og,no,,,no,no
